Sampler,accuracy,precision,recall,f1_score,f2_score,log_loss,auc_roc,best_score,TP,FP,FN,TN,best_params
RandomOverSampler,0.9327715355805244,0.4991869918699187,0.8575418994413407,0.6310380267214799,0.7498778700537372,0.1439190350359819,0.9774265568336512,0.7742666396936572,4674,308,51,307,"{'model__colsample_bytree': 0.6, 'model__learning_rate': 0.2, 'model__max_depth': 3, 'model__n_estimators': 150, 'model__subsample': 0.8}"
ADASYN,0.9355805243445692,0.5114754098360655,0.8715083798882681,0.6446280991735537,0.7639569049951028,0.1346174319152786,0.9768611134161193,0.7701905461136366,4684,298,46,312,"{'model__colsample_bytree': 0.8, 'model__learning_rate': 0.1, 'model__max_depth': 5, 'model__n_estimators': 50, 'model__subsample': 0.6}"
RandomUnderSampler,0.9080524344569288,0.4163522012578616,0.9245810055865922,0.5741543798785776,0.7431522227211496,0.2055976558257824,0.9743450724283398,0.7538747143850157,4518,464,27,331,"{'model__colsample_bytree': 1.0, 'model__learning_rate': 0.2, 'model__max_depth': 3, 'model__n_estimators': 50, 'model__subsample': 0.6}"
TomekLinks,0.9651685393258428,0.76875,0.6871508379888268,0.7256637168141593,0.702054794520548,0.0874924221121771,0.9796468403571292,0.7104985681598038,4908,74,112,246,"{'model__colsample_bytree': 1.0, 'model__learning_rate': 0.1, 'model__max_depth': 5, 'model__n_estimators': 150, 'model__subsample': 1.0}"
SMOTEENN,0.9382022471910112,0.5232558139534884,0.8798882681564246,0.65625,0.7743362831858407,0.2156499649486982,0.9765238658051668,0.7751481036827184,4695,287,43,315,"{'model__colsample_bytree': 1.0, 'model__learning_rate': 0.2, 'model__max_depth': 5, 'model__n_estimators': 100, 'model__subsample': 0.8}"
smote,0.9398876404494382,0.533213644524237,0.8296089385474861,0.6491803278688525,0.746606334841629,0.1271079101531574,0.9769836214842706,0.7710889309009362,4722,260,61,297,"{'model__colsample_bytree': 0.6, 'model__learning_rate': 0.1, 'model__max_depth': 5, 'model__n_estimators': 50, 'model__subsample': 1.0}"
None,0.9651685393258427,0.7905405405405406,0.6536312849162011,0.7155963302752294,0.6770833333333334,0.08586563991050353,0.9802293844432134,0.6838618198082717,4920,62,124,234,"{'model__colsample_bytree': 0.8, 'model__learning_rate': 0.1, 'model__max_depth': 4, 'model__n_estimators': 150, 'model__subsample': 0.8}"
